state,action,value
414,0,-101.18401577935306
414,4,-99.92544449073917
414,3,-98.4270267539829
414,5,-96.4256261315567
414,2,-99.04301422568167
314,0,-79.31892260090149
414,1,-9.347435664032266
314,3,-95.15107996571568
314,4,-128.0784557960824
214,0,-97.70544953900901
403,0,-122.0366559095997
303,0,-98.34496055962289
403,1,-1.0472839075989595
403,5,-131.96611328712387
403,3,-140.26692732606605
403,4,-351.8392992020999
203,0,-29.16320905036151
103,0,-24.009568312511817
203,1,8.218949334758088
203,5,-33.018699547624244
303,1,6.3830384624328635
303,4,-102.40667164390162
303,5,-103.41234864141374
403,2,-153.36068982809914
442,0,-48.74653380986715
442,2,-40.63591113233615
442,5,-75.64452601864083
342,0,-62.30331470009141
442,1,2.7273823990040555
422,2,-60.960682658837115
422,3,-43.673169782656004
422,0,-89.87529360032966
442,3,-36.61313779379156
442,4,-101.25714507196022
422,4,-69.84765079620766
422,5,-71.10347171132074
322,0,-29.317019876068855
222,0,-9.501058418341339
322,1,9.12346751995524
422,1,5.419729335289866
342,4,-21.558662479708758
242,0,6.676924742087474
417,0,-16.756982448463155
409,4,9.265757879654306
409,0,-7.584497592422457
409,5,-24.68655409402644
409,3,-13.23789657163636
409,2,-8.23560698892226
417,5,-15.678008578524798
417,2,-13.108109125160619
417,4,-21.71653016871547
417,3,-12.995048021189621
317,0,-13.006137360719114
417,1,10.389048984190483
309,0,8.14700788043963
209,0,7.186255893604864
109,0,5.0035459733708745
209,1,-39.997820225488425
309,1,-29.811988150430885
433,0,-93.67336438742485
333,0,-62.185878767902764
433,1,4.813255964703336
433,4,-117.82665987096132
433,5,-91.81615637479875
453,3,-0.6284996559725481
453,0,-120.57681353975751
453,5,-133.7070036690132
453,2,-118.0894746759229
353,0,-53.594732888528675
453,1,-118.58408750023152
433,2,-92.66163718938753
433,3,-97.0864254340997
453,4,-132.6503215043883
353,3,-46.57227797972861
353,2,-50.308814653382655
353,5,-61.44277858075151
333,3,-82.18789490394275
233,0,-66.77277324419016
333,1,6.829407585100869
233,5,-66.41436687129973
133,0,7.027657528289195
233,1,-65.21481120783395
472,0,-39.21087477103395
372,0,2.6236383426371455
472,1,-33.70531853194865
492,3,0.04444499952978707
492,0,-149.05617387237294
472,2,-29.325309447012316
492,2,-140.72001634988476
492,5,-280.05217403981845
472,3,-39.4156798790296
492,4,-180.8726195728748
392,0,-50.71417672154624
392,4,-104.28304683066206
492,1,-140.9669119703949
472,5,-69.41918590621282
476,5,-20.810456247174542
476,0,-20.007470138869994
472,4,3.6635657645285047
476,3,-23.629759303207365
476,4,-29.497556324422
376,0,-1.907132731262899
476,1,-20.761193934656504
432,0,-108.08524454569745
432,3,-116.77786928137778
432,4,-109.7697118271398
332,0,-102.88394003716604
432,1,-112.80907490486246
452,3,-93.62555422812584
452,0,-85.94166646758858
452,2,-98.56557139402537
452,4,-139.20973053575798
352,0,-120.21685647062611
252,0,-59.898298041205344
252,5,-85.840912607749
272,3,-49.49372134810579
272,4,-62.026125229951205
372,1,-34.572872644989495
272,0,-55.22359771205685
372,4,-31.5614369985102
272,5,-54.431452440054436
172,0,-6.479302402776093
272,1,-57.30716729179369
292,0,0.529504301721266
392,1,-54.786640488718206
292,5,-41.50161917420581
272,2,-0.5726132580052147
372,3,-28.009075589714644
372,5,-45.301405961983676
372,2,-26.897116980493266
392,3,1.5787443449156437
444,0,-95.9935670047222
444,5,-98.82227850893017
424,2,-5.503495427782445
444,3,-86.44852689681878
424,0,-121.62527426442007
424,5,-224.37668113667655
324,0,-74.18477716457076
324,3,-84.87594321356386
424,1,-105.3519907214027
324,5,-94.80281329210702
424,4,-142.58907581983775
424,3,-130.78157575624854
444,4,-106.1894571274109
444,2,-91.74127102699919
344,0,-90.29129645178591
324,2,-83.6824977156571
444,1,-0.336183170857235
344,5,-100.27997857009967
244,0,-40.24408298994018
144,0,-43.41282892530877
164,3,-36.23993858145646
302,4,-119.19004939848887
402,1,2.042008441805653
402,0,-88.70149464736335
402,2,-96.7550929504027
302,0,-73.35255783173915
402,4,-100.0875215196197
302,5,-137.08469401569042
402,3,-98.95878944830416
402,5,-120.98966318195792
302,3,-84.1256559505183
202,0,-91.44523483391285
222,3,-9.342137938258382
242,3,-30.505099451373567
142,0,5.366912674922092
242,1,-41.91493468985051
242,5,-52.62624794716744
342,1,-27.278205006720665
322,2,-15.316330647775036
322,3,-46.21742504303947
462,0,-154.75378680974796
482,3,-92.78453772359293
462,2,-3.717968674535561
462,3,-123.81246234414402
362,0,-91.07636874540374
382,3,3.5343975127481175
482,1,1.5082491346037552
482,5,-89.2664002173962
482,2,-83.22615711697598
482,0,-87.59411074810828
482,4,-102.49653571556298
382,0,-58.3347694770671
462,4,-129.04643746696848
462,1,-127.5240035978377
462,5,-312.70723178186387
262,0,-47.871848229330375
162,0,-110.82332103121658
262,1,-59.354549112079226
62,0,-15.490485132467024
162,1,-130.01573407116013
42,2,-199.3117428022731
142,1,-142.0781855495213
142,4,-99.77618605637733
42,0,-0.2573793728789243
42,3,-132.7516200131229
222,2,-13.676647770137517
122,0,-8.511118974228328
122,5,-14.719357638784162
222,1,10.301553300382986
428,4,-152.079561010765
448,3,-90.4411782227756
448,0,-93.73311882627581
348,0,-105.26916094955374
448,1,6.887277440913301
448,2,-93.40764372941712
448,4,-101.37658064128878
428,2,5.546569846673927
328,0,2.3343166048232797
428,1,-88.78447897321703
428,0,-115.47712256402167
448,5,-95.51288956002028
348,2,-90.136115371042
428,5,-110.39828159460262
328,3,-121.8252528905889
328,2,-115.74875219006871
428,3,-95.82672877198034
248,0,-41.17207372297135
148,0,8.183675236694329
431,0,-48.61333134182415
451,3,3.7279006988891967
451,4,-51.63083495622986
451,0,-59.61520471975119
451,2,-59.67789714771884
431,2,-45.53236365729171
431,3,-56.78647342502534
431,5,-57.49359981283475
331,0,-52.851332895211044
431,1,4.761639939046119
431,4,-50.96251867217102
351,0,2.7453269698764813
351,5,-66.63870377144606
351,2,-47.05589745078965
251,0,1.671709672140892
351,1,-39.090481737736496
451,1,-46.0640948121296
451,5,-58.15468019202328
231,0,-33.982156236769114
231,4,-42.21255521239471
331,1,5.870957378858569
331,3,-52.163718640620274
384,2,-40.98061675878555
284,0,-77.81554479202379
384,1,5.81796118999369
484,1,4.162127223667268
484,0,-103.58663954281566
484,5,-114.5154244041768
464,2,-3.796389983607656
484,3,-104.79176076413276
484,4,-123.77474432087816
384,0,-49.56138093197235
484,2,-102.10765318805431
364,2,-129.02656797637633
464,1,-125.65871387505005
364,0,-125.84414141615977
264,0,-101.13475576181136
284,3,-71.48902411455043
464,3,-127.47584375937352
464,0,-124.34712962200031
464,5,-129.285968048271
464,4,-162.24829822111417
364,4,-192.80075708449388
466,3,-53.69030421939001
466,0,-60.05783360834348
466,5,-78.91029689184427
486,3,-82.89384677364251
486,4,-116.02960347209691
486,0,-102.85995983956467
386,0,-96.41798569841282
486,1,-5.0434806814830795
486,5,-87.30119331260754
466,2,-56.700661127775824
366,0,-97.85119578122018
466,1,-5.022437912206317
466,4,-99.55268345363918
366,4,-55.12507701457825
486,2,-85.50101557612527
266,0,-27.905549806170608
366,1,4.69086565299816
386,3,3.438549218566406
286,0,-0.2669567309468124
186,0,-28.33300285774108
86,0,-19.24854428255285
443,0,-76.16283894450585
343,0,-138.94723617235223
443,1,-7.721112434071963
423,2,-97.15150897087143
423,0,-71.06836374831789
443,3,-54.6453735253317
443,4,-74.97633911055449
443,5,-80.1997448865275
343,4,-203.14652740288025
423,4,-99.95736814046485
323,0,-111.30921818529045
343,3,3.9531806485043504
343,5,-240.1939433573575
443,2,-78.62357694774698
423,5,-116.70165799550401
423,3,-85.80368634575726
323,5,-114.60513228306765
423,1,-0.0036818318494146463
243,0,-65.5575166700018
143,0,3.9117253035622306
43,0,-6.417310520821073
411,0,-13.556186180950426
411,5,-27.410017738738507
311,0,9.072678885640308
411,1,-14.56386057105961
411,3,-10.942606014685683
411,2,-15.524895112666023
419,5,-15.76738943346154
419,0,-8.162572839714954
319,0,-15.134224960784488
319,2,-10.957712525351269
419,1,11.353868585156189
419,4,-20.6841590547439
319,4,-18.698826447367505
419,2,-14.454800950564808
419,3,-11.160191969185139
411,4,10.153570535042626
311,5,-28.02233945323498
311,4,-37.883242599986644
491,0,-125.4198540594818
491,5,-147.35223306862218
391,0,-115.83458925821145
491,1,-123.2983006887321
491,4,-222.01641187892076
471,2,-75.60049180735537
471,0,-77.64340859287866
371,0,-60.90620100002569
371,3,-77.79441423902348
471,1,-6.500065448722344
491,3,-11.746983717232522
471,4,-82.58481060200822
471,3,-79.80687661614533
471,5,-96.82791570127671
271,0,-116.23427142109477
371,1,-59.483990674167764
491,2,-125.53714785092609
497,0,-2.4656840409547245
397,0,4.352565092998123
497,1,15.146514998091988
477,2,13.993521696645864
477,0,-2.0053186284696682
377,0,11.110648324379504
377,4,-29.745456984094055
477,1,-0.22835770852237125
477,3,-5.301798971941684
477,4,-7.828271904403668
473,4,12.850531696900598
473,0,-14.53519600163211
473,5,-25.95139717023933
373,0,11.611927801204367
273,0,10.47563287091625
373,1,-19.998757830134007
473,1,-13.380301786863992
493,3,9.869131718599386
493,0,-87.57670327772179
493,4,-94.43688609863233
393,0,-97.08387762959897
393,2,-105.03013200456806
493,1,-86.86751074252561
293,0,-75.62488798300728
393,1,-92.87526782686535
373,2,-13.266028363029255
493,5,-92.73596168371277
473,2,-8.890623811167746
473,3,-12.539031208959019
373,5,-23.196493365286567
253,2,9.319133516732647
353,1,-2.278776634792354
253,0,-63.24591901252145
333,2,-78.16525924991048
333,4,-98.08935757588702
253,5,-61.83829991633509
233,2,8.21578899936152
253,3,-48.97762866309923
468,0,-119.41776321289596
488,3,-114.00399397715375
488,0,-128.85680394423989
468,2,-1.9367887377667112
468,5,-147.77024701948957
468,4,-284.30736816476883
488,5,-115.03153854260474
488,2,-114.15300978999024
388,0,-108.72530404362986
488,1,3.928665734155964
388,4,-152.044364067311
488,4,-161.28179880922295
288,0,-147.76874893679886
188,0,-122.20804728089897
288,1,-3.6240438692609
288,4,-154.4079529322318
388,1,-126.82951567428323
468,3,-200.78357744636025
368,0,-114.79365385950273
468,1,-126.71460436782012
268,0,-103.62906627506278
368,1,6.859092130679165
168,0,-114.53807758168266
148,2,-68.97088018154895
48,0,6.7507583183138635
148,1,-60.06527748943233
48,3,-88.96144290454089
248,1,-45.465133070060205
348,1,8.174585288613978
164,0,-46.63317472774751
264,1,-116.84222586991929
164,5,-57.7022869193908
64,0,4.089516960842183
164,1,-38.78637214770745
264,4,-101.9638885353583
364,1,-0.4171177216165248
264,5,-173.39930079391584
164,4,-57.162358540647816
184,3,-17.873741665882783
84,0,-15.40428891760554
184,1,7.926333653286042
184,4,-31.319244418955183
284,1,7.014071373816982
184,0,-19.982165313704215
284,2,-83.18606751073318
184,5,-26.94248725460982
184,2,-16.07546106010815
264,2,5.327319058041305
144,2,5.784568862947258
44,0,0.7679749975196586
144,1,-49.783702797323635
144,4,-41.689783629853046
244,1,4.6733060019947805
264,3,-100.9751242794029
384,3,-42.439512108059276
384,4,-57.61004705668224
64,5,-103.06148067049722
44,2,-115.27869535081008
44,1,-145.5874259138382
44,3,-85.61656914683245
44,4,-110.31732041777589
144,3,-36.38862937839476
344,1,-78.38973739969948
224,0,-51.127266716159426
324,1,2.5522497541881397
426,0,-134.21293222873018
446,3,-116.30884527876383
446,4,-126.96575235880456
446,0,-121.36027843980665
446,2,-147.39108796134002
346,0,-103.65586831260482
446,1,1.6658525801690638
426,2,-6.359264526358666
326,0,-131.19063783609644
426,1,-125.92079796764192
426,3,-146.01477557435933
426,4,-126.32532365935245
446,5,-159.40800638076445
426,5,-388.17946664368094
246,0,-49.20769659810745
146,0,-121.39402725227374
146,5,-113.44465460582495
146,4,-110.2399112531495
46,0,-3.698881718299897
66,3,-112.06270439496794
166,1,-31.239296812028428
266,1,6.053239785072423
166,0,-29.35238589647777
66,0,-111.06980226987822
86,3,-18.126202226851824
186,1,8.271072757514492
86,1,-18.22861264269745
186,2,-24.839752267013967
86,2,-18.576834987427908
86,5,-27.04696665180431
286,1,-113.0202713736909
266,2,-46.41927644944585
386,1,-97.25938449616385
441,5,-131.19414232569068
441,0,-162.65095670986815
341,0,-118.85537775378371
441,1,-7.382684900247107
421,2,-124.60714854532345
421,0,-130.39604685643036
321,0,-116.3092783158917
321,3,-109.58971014641065
421,1,-5.418304655609202
421,5,-133.6838246310992
441,3,-125.78944941847355
321,2,-115.25270335534643
341,3,-107.01805803126375
241,0,-42.476130831098565
221,2,-33.7878558214716
321,1,4.460648163836083
441,2,-125.96341772197952
441,4,-143.58716330315363
421,3,-144.90016386178118
421,4,-316.2795190469799
321,5,-110.93790681501768
321,4,-153.5652695670151
141,0,-94.7586852075819
41,0,-4.90183941940608
413,0,-87.62536027433968
413,3,-88.9122014925754
313,0,-167.4359454979526
413,1,-7.285509733909586
413,2,-73.61442078483398
413,4,-79.69745885142632
413,5,-172.5233400473613
213,0,-119.92064338807046
213,4,-137.39149876212954
233,3,-62.32229704234397
153,0,-32.28308574767595
253,1,-71.03895132774728
153,5,-59.856468899825444
273,3,-33.126270329969614
173,0,-29.459616697556303
273,1,-41.86825001042951
373,3,-19.807051354943496
273,4,-27.881930931935333
393,3,9.28865259876367
193,0,8.22160101644559
293,1,-69.72357762566277
293,2,-81.39829622394707
193,5,-80.7318202106159
293,4,-91.06967704288262
193,4,-106.11141795042631
293,5,-74.43064376266167
93,0,7.0091265442643005
454,1,-11.097248439052315
454,5,-134.436546895166
354,0,-116.16739802075348
434,2,-109.94745182626656
434,0,-131.56374578091555
334,0,-94.39554592538417
434,1,-6.485262616829294
454,3,-134.1449076734948
454,0,-127.23643297273243
454,2,-137.5542328859786
434,4,-119.83446378621548
334,4,-92.92841973952893
434,3,-115.53205006196703
434,5,-129.76313149642678
454,4,-126.17413790927895
391,1,-3.585617961276648
291,0,-95.42142543660862
291,3,-93.09479425982117
371,2,-4.73574473063143
391,3,-109.19435381919622
291,4,-103.96069541144746
391,5,-204.2866148845365
291,5,-93.48702319615563
391,2,-110.86608492458056
271,2,-7.028948534599255
251,2,-59.773993092793944
151,0,0.6755480775552861
151,3,-53.861378357075274
251,1,-66.6366437638483
171,3,-0.46691989971442427
151,2,-60.39861000419034
231,2,-38.198976958735905
131,0,5.931207862310702
231,1,-23.08872985858864
131,4,-95.38407602187627
231,5,-31.058728628561216
351,3,-74.6392203988646
331,2,-44.305840695448765
351,4,-70.35184863646985
331,4,-52.44389656995818
331,5,-48.2822444895106
131,2,-93.92633679302715
251,3,-49.964813005808246
282,0,2.4296424233594713
282,2,-77.72381821514924
382,1,-64.04703096190804
282,4,-144.76803970502695
382,2,-61.01836825778355
262,2,-89.06586459101497
242,2,-39.71140313469176
262,3,5.6927011482705785
362,1,4.6150183910858855
282,3,-115.13766170001287
382,4,-94.09392456289058
322,4,-52.898154466834114
322,5,-28.68730262407316
222,4,-16.204130724849307
202,2,9.333440906094491
102,0,-25.66609714578192
202,1,-73.73943904762507
202,5,-102.07562244333151
302,1,7.841009820970842
122,3,11.438318077438543
22,0,-99.14158247369375
122,1,-2.384807962957127
2,2,-2.311161178410675
22,3,12.121505043774032
102,2,-6.391234988436251
102,3,-7.528190025014537
102,4,-7.959429749589436
2,0,-2.563335044152663
164,2,6.923252955320729
144,5,-76.16074085519173
84,1,-15.512332186148226
84,5,-25.7398794084139
284,4,-77.85417536793851
384,5,-55.622509010821254
364,3,-178.5533429169759
284,5,-70.4193187051772
364,5,-131.30492161765414
401,1,-2.0983524748404703
401,0,-98.97805537351333
401,4,-134.25102268461455
301,0,-94.84251033046885
401,2,-104.59477333113692
401,5,-102.13698339133201
401,3,-93.31004920228489
301,5,-103.14128443498218
301,4,-89.12189822631132
201,0,-46.42986028712906
93,1,-69.92163270805017
93,5,-77.37912253147904
93,4,-100.60843845088374
193,1,-74.63041290164016
193,2,-127.28523366883111
93,2,-76.21324893506333
73,2,5.380749828425314
173,1,-48.51769955490021
173,5,-61.380100775169815
173,4,-53.941430149953305
73,0,-57.59286754763611
73,4,-79.21839705823963
93,3,-47.166927059916176
173,2,6.300185693635083
153,2,-0.17668421329893574
153,4,-64.36775633282915
353,4,-59.60597145324595
253,4,-67.59435886144975
53,0,-128.99848641237696
53,3,-120.04062436338528
153,1,-44.002477384428445
173,3,-30.20384502590237
153,3,-47.27199254295939
73,3,-68.24966970745977
73,5,-74.56354419336144
53,2,1.7199509994804167
53,4,-118.68523854676772
53,5,-125.79314484336024
233,4,-77.14561651095956
73,1,-69.09506869645759
293,3,9.336475874388162
273,2,-18.15545480381904
354,1,-110.97898013680557
254,0,-73.60621585668146
354,2,-118.94441297826666
154,0,-107.4359676335545
254,1,-64.91993409932881
254,5,-73.24601954777987
354,4,-227.78213114640485
354,5,-120.5070701747466
234,0,-64.57382159202191
134,0,0.2804645743815258
234,1,-54.11142205430717
334,1,0.5281327697903835
254,3,-75.94099153673366
214,2,0.0026271917944265012
114,0,-127.98229710761058
134,3,-100.31406482682796
114,2,-4.854125798884026
214,1,-95.09410474946364
14,0,-140.59341740958135
114,1,-131.88451208356568
314,1,-1.809684869927912
214,3,-83.72207290228287
214,5,-98.77734530419572
114,3,-140.18658525489928
14,4,-127.01082899569597
114,4,-335.6255099859511
114,5,-142.33518840246163
214,4,-103.58461049211576
449,1,1.954485598832976
449,0,-121.32271839527023
449,4,-134.34708632219127
449,5,-172.230619218245
449,2,-121.07600686018593
429,2,-4.139703354772064
429,0,-125.79176519221149
329,0,-98.99272456662831
429,1,-138.6236804231656
429,5,-133.70514466987817
449,3,-122.18700419864648
349,0,-118.12735996526015
349,2,-113.35987777380855
429,3,-149.7611634490729
429,4,-130.58968414400036
329,5,-96.69975080114357
349,4,-112.23923371582357
319,1,12.534998979185916
219,0,-7.342158951396321
219,5,-15.85119862905635
219,3,-5.425738801293712
319,3,-10.131255025204846
219,4,-12.357474157530849
119,0,9.248648081898635
139,3,-12.481131460512755
239,1,6.148170847586804
139,0,13.852019406803262
219,2,13.870083022710777
219,1,-4.455114966126822
311,2,-18.161256928057753
211,0,8.032850533881296
311,1,-22.601819625947503
211,5,-32.354751120965346
111,0,-119.20295818666722
211,1,-34.81821761947608
211,3,-24.241140177843228
231,3,6.931358391050544
211,2,-26.774660895540666
211,4,-34.17666231717744
31,0,4.367832801072565
131,1,-80.58313978747952
31,5,-115.90421100895257
377,5,-27.910353160135273
277,0,9.446411248244239
377,1,-36.49191196207936
397,3,1.9717713869663935
297,0,8.195785092411262
397,1,16.351175750638767
397,5,-2.421918746796828
397,2,5.754535075271802
377,2,-6.022550915170992
377,3,-14.882550880685596
497,5,-9.843371497274399
497,2,3.382529748946407
477,5,-2.659647937642765
493,2,-85.23610273048355
393,4,-93.21612629321089
393,5,-91.46194418440442
373,4,-20.468749917772172
273,5,-35.67191409459283
333,5,-206.1842913455009
193,3,-93.23427111184407
498,0,-10.23316667662304
398,0,-9.219936416256836
498,1,10.085670702819169
498,4,-16.15855477041645
498,5,-17.327125335608738
478,2,8.955270422149034
478,0,-15.286399302930034
378,0,-10.5580724695
478,1,-11.17138976734692
478,3,-19.97191997793077
478,4,-20.943363391416867
498,3,-7.98468340929495
498,2,-10.154829384444282
398,4,-17.538918665302305
398,2,-12.521941409264224
298,0,-10.8966214315861
198,0,11.648117070365616
298,1,-4.252379655574925
398,1,-7.895062989687213
378,2,-11.134826190559165
474,4,7.786472007257852
474,0,-13.41701040125612
478,5,-18.595794014693933
374,0,6.748895449835349
474,1,-13.626864355797927
298,2,-4.316755298547097
98,0,10.51624993774765
98,4,-29.113017957873282
86,4,9.399807978584722
98,5,-24.827591899752537
166,2,7.195000273852636
186,3,-24.26425519052157
186,4,-27.91284422237548
66,1,-112.24176143194481
66,5,-111.76641708050305
46,2,-122.23353674072445
46,1,-163.08603257097852
46,4,-143.98811645527104
46,3,-127.31926284379186
146,1,-105.15468708461836
246,1,-32.50057736037066
246,5,-60.02917395779147
346,1,3.586909993817962
346,4,-118.16125414178269
226,0,-46.40676317761941
326,1,-4.355814156676177
452,1,-7.071898237071863
432,2,-14.185691140606457
232,0,-71.20120445355047
332,1,-3.710431998180156
332,4,-101.572396150202
252,3,-59.71850678071678
252,2,-1.57806496265362
152,0,-2.9853904358458103
252,1,-63.34437647706914
352,1,-137.6357176124542
152,4,-236.72165975062612
332,2,-105.88195455753274
332,5,-99.4513425696859
152,3,-106.31503793958764
152,5,-129.37225110484178
52,0,-4.960494348119271
72,3,-10.443711926262514
172,1,-111.88944166387473
152,1,-111.93686295962789
352,2,-114.13625260624778
292,3,-41.49505532327076
192,0,-1.4409940567798327
292,1,-35.00989945011245
292,2,-47.98027210607479
192,2,-82.23988899295243
192,5,-152.02471875696241
392,2,-49.196542249209074
392,5,-49.42628109752799
418,5,20.0
418,0,18.592304932385773
318,0,18.780268653832806
218,0,17.59037905933378
118,0,16.3310731296108
18,0,15.089836059074559
18,4,-25.086010801462766
2,4,13.883598306129194
2,1,-10.325100748075435
22,1,-100.64933180117148
22,2,-112.39335227994769
22,4,-72.16379475585352
22,5,-104.29241539438252
122,2,-6.612506994230807
374,1,-31.570153050908914
274,0,-49.103147214178776
274,5,-54.67100007151059
374,3,-28.33696621227933
394,3,5.723461193962905
494,1,-98.64330175828522
494,0,-100.85092266730652
494,4,-109.66268611633895
494,2,-96.77059006142387
394,0,-29.327059712418343
394,4,-37.65376324166173
474,2,-12.397410738782632
494,3,4.5816577964892655
494,5,-103.91213013532513
394,2,-33.57554413547821
394,5,-40.24660544455613
294,0,4.654747171366401
274,2,3.694675402244339
254,2,2.5675670570853644
274,3,-59.98424526869306
194,0,3.5648627165950546
294,1,-26.172397671283296
68,3,5.155985754807387
168,1,-118.1363037419916
68,0,-125.63161627387416
68,4,-123.88776432298707
68,1,-131.16328603674148
68,5,-124.71647742749069
268,1,-110.50780080024775
248,2,-41.26868210374545
148,3,-58.557445533624715
148,5,-98.74173992717175
168,3,6.882356489207154
268,4,-105.96759605962372
48,2,-85.43443872111419
48,1,-81.18764818049712
148,4,-88.1592610177624
188,3,4.968764847591105
88,0,-145.839252455106
188,1,-127.02139807018227
168,2,-116.56772200518984
88,1,-140.60983564917387
88,3,0.03345656655329278
168,5,-115.11739157608989
88,5,-142.06867804342713
188,5,-136.301587282854
88,2,-132.05494444046477
188,4,-171.13599881800394
188,2,-122.46607132592094
288,2,-145.28241932485167
288,5,-210.11898056543248
406,0,-77.50759059462442
406,5,-104.54068433653728
406,4,-87.48071639636788
406,3,-64.62616196775782
406,2,-80.8965931499572
306,0,-124.4175774618737
306,4,-157.15289031770277
406,1,-7.166900962564948
306,2,-121.42228126819076
206,0,-75.9508355115759
226,3,-47.00166140026303
226,4,-58.775524965229245
126,0,-102.83636750801413
226,1,-50.97996426535192
26,0,-97.71652947617555
126,1,-6.305142561460059
246,3,-39.50319406886981
246,4,-66.64802945663695
166,3,-38.61695860270729
146,2,5.524772313757991
166,5,-30.37632533084549
266,4,-27.40286905041151
246,2,4.94574673364711
266,3,-50.965790217841636
286,3,-142.64387487129738
286,2,-168.98065172395354
286,4,-154.26444893322673
386,2,-70.5280573078358
366,2,-60.114609636929764
182,0,1.3816597506884396
282,1,-107.37947048003093
182,5,-63.89866383451355
282,5,-79.19390897472304
162,2,-0.9834812710426591
182,3,-58.30930649687609
182,2,-56.74342138231151
62,1,-62.609394134646024
42,1,-213.76268278977966
42,5,-353.7986297750977
62,3,-72.37148327146161
262,4,-50.919177396429106
362,2,-98.59480615192727
382,5,-70.58385942148219
82,0,-4.804006328413537
62,2,-48.77187289631515
62,5,-69.9797876712377
62,4,-60.914406407161096
42,4,-107.06981390400794
412,0,-113.7482896205997
412,5,-157.08445982930073
412,3,-112.14354066342827
312,0,-93.69053886314038
412,1,-17.742621609892808
412,2,-104.77649452528043
212,0,-68.40175954802008
312,1,-7.96095241251756
412,4,-110.45810573471682
312,5,-101.35564178228829
312,4,-99.44857219614853
212,5,-75.98619189844041
232,3,-73.48590257502732
132,0,-3.494867527445424
232,1,-70.90349772567298
132,2,-90.69020859224061
232,4,-74.0470884322687
232,5,-81.09194789979111
212,2,-53.66711154547175
354,3,-1.8641013555262171
334,2,-95.27858463573745
334,3,-89.79174410299939
174,0,-107.08474533229654
174,4,-122.67582771007406
274,1,-49.676730747995954
154,2,1.2314261863506402
54,0,-0.8876189479731482
154,1,-107.88257412977255
254,4,-75.82606145005246
234,2,1.5429001124240886
334,5,-106.42798079166688
294,3,-29.891854028961273
294,2,-40.92273235422176
394,1,-27.697160782844264
474,3,-11.089856269966063
274,4,-47.01337663231225
194,3,-74.22488824333104
94,0,-2.3490401775752656
194,1,-76.8154343352429
194,4,-91.90563968745249
294,5,-45.04991614072176
374,2,-25.163029988380035
174,5,-94.54901907488768
438,1,-33.6401590014898
438,0,-10.572133766785495
458,3,-69.4642996061829
458,0,-71.8970194615443
458,2,-67.21900846529181
458,5,-73.2315305807175
438,2,-51.36164522450807
438,4,-51.33128300953493
358,0,-41.34567283073917
458,1,-33.03298251274848
458,4,-69.34653148341368
438,5,-63.70422397392215
338,0,-35.166068790424916
258,0,5.90245799368686
158,0,-44.22052269829193
58,0,-51.71918651630387
58,5,-73.85145444598636
78,3,-55.00394903886888
98,3,-48.50599274000746
98,1,-20.52630226834436
98,2,-15.505992280471375
198,1,-3.6663430781134503
66,2,6.560383198411855
166,4,-35.79977705514269
146,3,-119.29409422389817
266,5,-48.91455905916258
228,0,-27.92911852399111
328,1,-133.78847831990933
228,4,-29.982220120638942
128,0,9.473172169580728
228,1,-14.857546581530883
348,3,-88.09175135856142
228,5,-25.73165947383973
328,4,-106.56820049244155
248,3,9.396088063721203
228,2,-21.88077420516795
268,3,8.13313769875014
168,4,-112.62360169277252
88,4,-131.4498655531489
68,2,-119.42541149274251
268,2,-112.38765803756742
288,3,-149.27045938057026
162,3,-130.82253862704871
142,2,-133.00173829142344
162,5,-193.2100547938917
162,4,-88.24144233817859
262,5,-87.53296740373113
242,4,-59.56347600087672
222,5,-27.865324968696616
82,3,-116.22775610193268
82,1,-232.4942304710189
182,1,-76.27790984948724
142,3,-139.81097739518887
142,5,-110.1962651314934
82,5,-189.8869478172312
82,2,-179.0240157515323
362,3,-72.37140856301045
362,4,-68.2998012249437
362,5,-56.938586157817745
496,0,-21.03322025302683
396,0,-17.792717118612572
496,1,5.720626033317481
496,2,-26.314963088276986
476,2,4.6479879895447205
276,0,-11.559060743915175
376,1,-85.65828333018011
276,4,-1.4125700149074454
296,3,-1.4478057430175442
296,2,-10.25343184147015
196,0,-9.743027158263198
196,2,-7.626269412802527
96,0,0.21925417384472734
84,4,9.042372051949462
84,2,-14.135994271754484
96,5,-0.9781199592715483
96,4,-8.567264757354398
244,2,-44.26280341864577
286,5,-341.4801337628825
386,4,-155.17236734726796
366,3,-87.02066464597186
186,5,-42.592670751440096
389,0,-94.60007649055471
489,1,-2.8155146376351357
489,0,-111.45620402585355
489,2,-110.56755105613044
489,5,-111.27800648646517
489,4,-120.61281356595237
469,2,-10.381395241585698
369,0,-132.37833936349023
469,1,-124.8185087272789
469,0,-121.53002863317835
489,3,-109.57521051483978
469,3,-126.85865647667477
469,4,-127.26699722385521
469,5,-248.59563815918807
369,3,-112.79925442621807
269,0,-104.21997252406824
249,2,-47.36248236458804
349,1,3.720704543108924
249,0,-54.63039109916238
149,0,3.973283999486836
249,1,-42.088033997078895
249,5,-53.38432540465443
249,4,-68.06744747317245
229,2,-37.10718987951195
329,1,2.2046360954603843
329,3,-93.72109845061398
229,0,-23.196952886784086
209,2,-43.67445155303462
229,3,6.044208800246356
329,4,-99.74870729641813
9,0,-1.327480155229705
109,1,-51.14270878910493
9,5,-158.0663207604459
9,3,-128.48393009983369
109,5,-69.34746927474194
53,1,-115.2012740371228
463,0,-60.454541618154124
463,4,-76.64872556302213
463,3,-71.51669297726683
363,0,-122.5798914331568
463,1,1.7813617787916762
483,3,-3.4556496136704644
483,0,-137.73527156842152
483,4,-249.11709384498988
383,0,-159.26823480302622
483,1,-135.1097794940974
483,2,-128.00654532392716
463,2,-65.99974318485279
363,3,-160.95880247425302
463,5,-78.78100208196287
483,5,-181.5002254155287
363,5,-104.54540251763824
263,0,-78.54152883861073
163,0,3.7725640881825484
33,0,5.242633774441978
133,1,-87.65369950450939
133,4,-120.82801387407154
33,1,-128.11542011665065
33,5,-91.0085687806077
113,2,5.864999038812328
213,1,4.72230389701025
113,0,-116.52453721339548
213,2,-93.13140167608937
113,3,-112.1318842409748
113,4,-134.57177799882544
133,2,-102.40583868314913
133,3,-95.11472596979539
41,4,-125.49571844920663
41,1,-111.64844967942166
141,1,-96.0815373838566
41,5,-109.6437321562582
41,3,-105.02048015437906
141,5,-89.56881165841405
241,1,-47.71029752495071
241,5,-51.400943468745744
261,3,3.8400748872388375
361,1,-62.10947205606665
361,5,-75.72522994066331
461,1,-1.4447423654605909
461,0,-74.21061366049302
461,4,-87.09693670591474
461,3,-74.94415270087636
481,3,-8.409318221510453
481,0,-107.55159184461812
481,2,-112.72958425115269
381,0,-93.56940080206955
481,1,-112.87447581030409
381,2,-129.87836217271
381,4,-114.24694183211187
461,2,-78.33755143178081
461,5,-82.56373549201726
361,0,-59.46574126129633
361,3,-70.8089936354025
381,5,-103.73253543899158
361,2,0.2634693848946969
261,0,-65.6298846179095
416,3,5.132107769379965
416,0,1.2181390203253528
316,0,5.1445797968331455
416,1,15.192235298336234
416,4,-7.829198833978889
408,4,13.964037659763425
408,0,-21.737718356868033
416,5,-2.0174100899656002
416,2,4.3744145180943415
408,2,-2.1593956385039985
316,2,4.755989612741012
308,0,12.802401477341785
308,5,-50.17686010550345
308,3,-9.22011504677248
408,1,-5.152871222399506
408,5,-8.98013158007246
408,3,-29.567315936357236
208,0,11.665287787814743
228,3,10.477262503096632
248,4,-53.06788186707068
348,4,-105.18457106275939
348,5,-112.5168713110603
457,0,-91.67919395436354
437,2,-26.02351216020506
437,0,-89.59018003309872
437,4,-105.37895967264694
457,3,-33.38229717366826
337,0,-51.31948099939311
437,1,-56.39278049110262
457,4,-58.147764682047175
357,0,-38.417537590460526
457,1,-9.11216859690017
457,5,-61.26860704211121
457,2,-44.66928883866502
357,4,-14.951142610269597
257,0,8.252050448410658
157,0,9.69716317726738
177,3,12.253926394697821
277,1,-13.359599900411617
427,0,-94.84977691512223
447,3,-81.57894342106349
347,0,-65.47274812101992
447,1,3.812019471057168
447,0,-68.59477040028433
427,2,2.7488564983423527
327,0,1.5763316461644814
327,4,-95.37788188848695
427,1,-82.47241040135779
427,4,-117.73260511383702
347,3,-75.85126507069296
447,4,-90.71128949903594
447,2,-64.49859841648777
427,5,-92.36807376558475
427,3,-87.97830983435274
447,5,-116.26857848864802
347,4,-80.78555349550025
347,5,-59.312351551484916
327,2,-87.30560473980061
227,0,0.3640829704798454
127,0,-0.5872186366021485
27,0,-8.25395606520616
381,1,1.5521711164443355
281,0,-83.13468014270747
481,4,-116.51040031664714
481,5,-153.9081994550282
281,2,-103.136579408627
181,0,0.7500626538503052
161,2,-89.74579623637447
261,1,-54.825038990061785
161,0,2.6897177490600073
241,2,-52.83791185573823
281,3,2.6996056399651662
281,1,-77.43808941457134
141,2,1.0364771072352323
161,3,-77.42704713927917
161,4,-82.87809683000735
261,5,-58.06262632340882
261,4,-57.09673949849837
261,2,-60.472163028512824
61,0,-3.534019467085675
161,1,-108.7935818256479
341,1,2.9983186253638507
221,0,-29.779317111438978
349,3,-112.45711016647752
329,2,-92.60833823647454
349,5,-214.924108969492
129,0,4.394378837275255
229,1,-35.969449219432306
29,0,-4.187609597323624
129,1,-120.71995635459257
229,4,-36.564844774183086
249,3,5.0532020850875075
269,3,-101.87130084173288
169,0,-61.103013821843064
269,1,-99.43912570137091
169,4,-68.59705391060356
369,1,-106.338341483997
289,3,-72.88753154898617
389,1,-0.6045966849045458
389,4,-102.65750428656624
289,0,-82.14790007754597
189,0,-70.17406530026248
289,1,0.5480646146888074
389,5,-99.58015088528325
169,2,-64.07506161002733
289,2,-87.978827525516
289,4,-83.18806163137651
269,2,-4.736627279530611
129,2,-122.73823400967754
29,5,-157.96553321523612
109,2,-34.56214314590094
129,3,-129.4990872686955
407,0,-92.53616009262971
407,2,-96.6240017749737
307,0,-150.14562512053732
407,1,-19.283944217257954
407,5,-184.2354024514523
407,3,-102.50709073454372
407,4,-127.13119973228463
307,3,-142.60607450246317
207,0,-116.84826961386176
107,0,-95.15283140017091
207,1,-2.899260740271015
7,0,-9.397994677775518
27,3,-118.05231202040825
27,1,-112.85521741851082
127,1,-70.22614627305641
227,1,-78.71790368331136
327,1,-97.43930555580562
247,0,-59.61770758231208
347,1,4.906064082342783
347,2,-101.47881661962771
247,4,-69.14964041687713
247,5,-73.93499961101541
198,2,-8.24858507439895
198,4,-12.909550814015963
198,5,-16.33519801080205
278,2,5.410171805617674
278,4,-1.3406115936523868
378,1,12.631559407117136
278,0,3.614252763423025
398,3,11.325818962698406
378,4,-23.06748065399902
178,0,-22.99733990393061
278,1,1.64684493304249
278,5,-0.7861271705911645
78,0,-47.91086111825395
78,1,-67.91066540293748
58,2,-54.53411040133166
58,1,-78.88222123617723
58,4,-80.76247865960904
158,1,-97.61544421042818
258,1,-0.42125933357751716
278,3,13.952400461232857
78,5,-70.41077200721301
178,3,-24.024235961472044
178,5,-45.77299940526369
178,4,-46.03605184827091
198,3,-5.509097516762926
366,5,-79.45355444768883
182,4,-159.29711014562426
129,4,-154.33944825459514
129,5,-132.08482077281843
229,5,-37.5221190987455
29,1,-197.95515835131638
29,2,-122.3283716166267
109,3,-31.44052654529974
9,1,-178.04515309155394
309,4,-24.638765337829664
309,2,-29.73014159999928
309,5,-28.356872625100298
209,3,-23.499107714828625
9,4,-139.57310883427897
29,3,-130.72307798278408
314,2,-93.03563858738744
234,3,-52.81032767380446
234,4,-63.40036157881596
234,5,-68.11176380165277
34,0,-1.3340825921171504
134,1,-90.46625911819253
34,4,-215.7454424059128
134,5,-95.72531776047003
34,1,-132.18278342495523
14,1,-116.52828616572617
14,5,-127.52514145126953
34,3,-119.43216331430845
34,5,-116.45114440940539
346,2,-101.95710748423758
326,2,-114.67647287699148
386,5,-75.29898407627329
49,5,-98.78649930502519
149,1,-86.06399758028357
49,0,-51.97614086844658
149,4,-94.07893931259221
269,4,-102.07114181085386
69,0,0.7710017781350165
169,1,-61.39510678262247
189,3,1.7163861772490872
189,4,-71.57531089557862
89,0,-3.9739033356671136
189,1,-64.25852743091603
89,1,-143.475492919598
69,2,-121.0366208580027
69,4,-182.11270883295978
169,5,-61.335939008444555
69,5,-123.7427615155393
89,5,-145.618627073989
289,5,-124.44847705912865
389,2,-93.02202949882756
369,2,-8.808988230283829
82,4,-183.66955291246038
487,0,-140.28192128359626
487,5,-122.65480646494134
487,4,-119.35865109371066
387,0,-103.09664109219136
387,5,-237.30208366939607
387,2,-102.13848183625099
487,1,-4.559789789059513
487,2,-140.7136219760685
467,2,-114.11741018068311
467,0,-112.44407926748042
487,3,-114.98494347714653
467,3,-129.18327062859095
467,4,-160.43544125428232
367,0,-84.51312797755112
467,1,-5.192741907104675
467,5,-112.32581679848089
267,0,-40.141315186085926
247,2,5.881078951001285
147,0,-116.32318495401854
247,1,-71.42752686864756
147,3,-117.20291084292937
47,0,-131.90217372916734
47,4,-172.7824293568036
121,0,4.472768294927776
221,1,-38.121745086221146
221,5,-48.20523685826691
121,5,-130.4228605873336
221,4,-40.68820325981172
21,0,0.5555360785763345
121,1,-70.18368808047123
241,3,4.880252363210847
201,2,-43.86525666108673
101,0,-29.549579955748314
201,1,7.08183289534416
301,1,5.4880343755855225
121,3,-81.85364057731803
341,2,-125.88621894773773
121,4,-279.19152060861614
101,2,-35.645341091889115
101,3,-35.97552313912927
101,4,-45.97298292541966
201,5,-35.894762479972094
121,2,-71.72755748505818
1,0,-17.48693835605497
101,1,8.177839386081285
101,5,-33.924889510596046
221,3,6.0025825228885905
201,4,-47.51702243624262
1,1,-22.108631999864613
1,3,-29.28090740721462
21,5,-112.09101577455249
213,3,-122.06547366310106
13,0,-148.38727512591888
113,1,-129.2960192902399
213,5,-149.73924526566316
13,4,-227.40377798779267
13,5,-136.96323942168257
291,2,-87.01621372478115
191,0,-94.18738844630354
191,5,-97.49400225697156
191,2,-84.67707816516358
191,4,-101.29930108626726
291,1,-2.6313940313136284
171,2,-71.70203386010363
271,1,-102.36163174920588
171,0,-78.34089464348624
71,0,-2.8385054571919515
171,1,-69.11222118242593
271,5,-115.22025001319649
271,4,-121.87198644343228
171,5,-88.37519760468473
171,4,-72.52874262864177
91,0,-55.965175926321955
191,1,-115.92494653805359
391,4,-125.49665101742184
371,4,-79.22331036638627
371,5,-97.17320666640765
432,5,-165.95651284790097
452,5,-100.90664705777547
332,3,-127.8125641203201
352,3,-5.030598120921848
352,4,-121.20378134767432
352,5,-113.52740914349289
252,4,-67.81000816818313
232,2,-2.5707148026262607
292,4,-55.650332069047884
92,0,-10.427645626826884
192,1,-134.10301935622235
172,2,-88.96035384913598
152,2,-133.3743634516646
32,0,-10.754758529653364
132,1,-97.2889776544992
32,4,-97.0514444881811
92,4,-78.9604090072963
92,1,-68.53323012002235
92,2,-58.24061465819096
172,5,-109.9757287526063
112,0,-113.49766951770707
212,1,-6.106580671904068
212,4,-87.8435566992827
132,3,-91.92454664761675
132,5,-99.3743169913328
189,2,-66.64668052871224
149,2,-61.40918435383039
169,3,2.8592471894489147
149,3,-56.518163796581256
269,5,-101.51381830491489
369,4,-114.36190443445834
389,3,-97.08474121568877
189,5,-72.62428564868821
89,2,-179.53556049360998
89,4,-152.82369509846959
69,1,-115.53717582005088
89,3,-119.19577687840102
97,3,16.682640578054407
197,1,18.77330723107544
97,0,16.423696516599925
297,1,17.551777395947664
197,0,14.764802254064028
197,4,7.642098939167019
197,5,7.36683115153632
297,2,8.940050407167101
277,2,-8.578644914251793
177,0,6.239497710449889
197,3,14.934706923521746
197,2,16.755545730205604
497,3,4.281866280826493
397,4,-8.193640426994543
297,5,1.5684652122476845
177,2,17.590834819315866
77,0,-4.849355645844734
57,2,15.878402293872478
57,5,-39.67698044229738
57,1,-22.63061299475016
157,1,10.051850914198024
57,0,-140.43030444376228
157,5,3.3947203621183033
257,1,15.181283737054203
237,2,13.957582863136611
337,1,-111.427419497009
337,5,-94.8835313965198
237,0,3.5502914753261865
237,4,-0.5776351361076434
237,5,-1.905199174774939
217,2,12.841513891489015
317,1,11.594322148362908
217,0,-13.069325787740862
117,0,-4.24845102114347
117,5,-19.729447939077843
17,0,10.466062996248372
1,4,9.306769125359478
21,3,-63.550073476288354
21,4,-97.53218445227938
21,1,-192.73177737603052
21,2,-60.96795714156589
1,2,-25.73032865049079
343,2,-173.66613314594207
43,1,-78.87695863836161
43,4,-84.10872468668039
43,5,-82.71281027833824
143,1,-119.5196436946358
143,4,-118.80562021420343
143,5,-123.00741488516628
163,3,-120.82564348020121
263,1,-66.66494578743469
263,4,-72.15623392662964
283,3,3.1064064867169705
383,1,-3.1644988714150224
283,0,-125.53157414708585
283,5,-127.67146160113425
283,2,-109.46393734622336
383,2,-108.62047292581751
183,0,-112.24245465492884
163,2,-108.31299612531942
63,0,2.4594759637924817
163,1,-94.06925362747003
63,4,-113.04538052442018
163,4,-108.07417281895269
43,2,-71.71555131418457
43,3,-54.34063665596781
383,4,-158.22649116490783
83,0,-78.2742060825651
183,1,-4.873029390644623
63,2,-113.63474075908316
83,3,0.70642980852303
283,4,-114.02592551764235
283,1,-108.99003536154343
57,3,-17.243632709557794
77,3,-3.114650667929591
77,1,-35.46354775269467
177,1,15.496527118529865
157,2,16.34483075332774
157,3,11.933384758610883
57,4,-89.5431960631535
77,4,-3.1997369120384573
77,5,2.6599871363947964
177,4,4.499431977610811
257,2,5.1181907630235965
277,3,-30.729045106379345
326,3,-122.01712395018495
326,5,-126.15762876867116
346,3,-108.81170407698654
326,4,-137.74547177725353
226,2,3.833351341541773
206,2,2.669159080330548
206,4,-91.4050032624264
106,0,1.1240976089308437
206,1,-81.40142009696508
206,5,-74.13993093729103
106,5,-103.68912021803379
206,3,-71.13494547488133
106,4,-91.30607164764567
306,1,0.8650339505377618
247,3,-64.11627589490679
227,2,-117.4657642411346
147,1,-107.88682703329462
327,3,-99.90200405218336
327,5,-87.0432705696468
267,3,-41.599835572289685
267,4,-49.714158714001925
167,0,-45.97662140623507
267,1,-33.31141455839816
167,5,-56.981992851817715
287,3,-40.78932661604207
387,1,-110.21320553545472
287,0,-43.92344638809432
287,2,-38.02391826178847
187,0,-33.99584918621834
87,0,-17.28182055772602
187,1,9.27423572189866
287,1,8.160076218615114
287,5,-42.86640733819078
387,4,-111.67536597464913
167,2,7.96168698961916
67,0,-41.48489295360536
167,1,-37.66538627866496
267,5,-44.90376609466452
346,5,-112.67516813321775
226,5,-60.97679813922811
71,1,-142.44053074950907
191,3,-1.6943045164973545
91,1,-70.7453803398031
91,5,-73.51315034740506
91,2,-59.73197938677563
71,5,-126.39493551657354
51,0,-5.886927781845585
151,1,-59.360320573684014
251,4,-83.16975539318955
251,5,-70.18193796222486
151,5,-65.47004245978421
51,5,-119.14426747179334
151,4,-96.09119948281676
51,1,-121.85907629116588
71,3,-107.49170037881262
71,4,-111.090699830669
51,4,-120.40053101883838
271,3,-114.00228907610347
11,5,-143.30382191536827
111,1,-119.13385419238189
11,0,-124.06838604992528
11,4,-145.0421598495162
111,4,-190.651927213267
111,5,-123.4510649170088
131,3,-88.28637441843675
31,1,-137.03712604503042
111,2,1.9329637162473454
31,2,-126.20980819718893
11,2,-4.8984159801970115
11,3,-130.72666805403722
31,3,-123.9368402433197
11,1,-138.7237319541057
111,3,-120.59089676431059
31,4,-122.1894410352194
388,2,-159.35325942019554
368,2,-104.8296739875543
388,3,5.518994142434113
388,5,-160.68964998918437
268,5,-113.48967403061548
172,3,-220.0104095416357
72,0,-174.81119304488163
52,2,-217.2509954047094
52,1,-198.72349868996793
172,4,-88.23517591489993
92,3,-61.696410262554885
72,2,-177.6824784510572
72,1,-149.96693717292595
313,1,2.9865634006767787
313,5,-122.18798305536332
113,5,-253.70473633824915
313,4,-94.73065228567695
13,1,-145.14208188841434
33,3,-82.69476446368098
33,2,-88.20865319836722
133,5,-93.15490640040332
313,3,-72.4033825083143
237,3,4.9493738619125995
137,0,12.72773920456321
237,1,2.943659662211617
137,5,-35.088032905773666
137,2,-2.576775092265761
257,3,7.240948031563717
257,5,0.6178396147405075
357,1,11.740489433615542
337,2,7.357033486128507
137,4,-14.37164994740727
37,0,-2.360099349335177
137,1,-14.510279052154228
117,2,11.59369446755925
117,4,-24.71996081014063
217,1,-13.07698547038401
17,2,-24.34951582227166
17,1,-17.08057676302148
17,3,-18.958681893747794
117,1,-10.789814912884612
1,5,-27.267793540647126
17,5,-12.924353353323966
17,4,-19.45646770859955
201,3,-37.04516716319617
301,2,-90.22790935097655
301,3,-83.74684433665698
149,5,-71.5144807938124
49,4,-75.33658100680455
49,1,-70.8770718908225
69,3,-121.93379427301095
49,2,-9.093301718354015
49,3,-68.75287213619161
61,1,-116.14316736386435
161,5,-88.72301939652971
41,2,-101.85674741843499
141,3,-92.97558426536847
241,4,-50.0708822353145
341,4,-130.88685936656958
341,5,-127.68680584707936
181,3,-108.20602464538636
81,0,-7.180006551249707
181,1,-116.02460782854217
61,4,-231.1897806673259
61,5,-120.07757345492467
141,4,-109.38014466032666
202,3,-109.65455894742843
302,2,-98.32424301964906
202,4,-127.47297322700987
126,3,-102.78911694864443
126,2,-97.91175935992725
64,1,-127.02664524374602
64,4,-127.83641679825752
44,5,-175.86361003387623
64,3,-97.70591948180663
84,3,-23.75205464902272
64,2,-97.43789214736665
96,1,2.2178060903732675
132,4,-100.14440737922413
32,1,-76.95731641868772
12,2,-67.07819063656885
112,1,-112.64554625566875
112,4,-105.6729177882445
12,0,-15.11690615853867
112,3,-108.57515374746686
52,3,-163.42493741014476
52,4,-433.81471037073817
72,4,-315.94850961379353
72,5,-166.91500037808393
92,5,-73.6494985537891
192,3,-85.20360820231589
369,5,-111.60221013170758
131,5,-95.46379378919904
71,2,-140.868873213209
91,3,-14.369201625869168
51,2,-115.00128098357926
404,1,-8.728880919315575
304,0,-101.60827393032856
304,3,-99.43626408737515
404,4,-111.84409436470196
404,0,-116.39196977391865
404,2,-113.18994743917189
304,2,-102.34250624372187
404,5,-140.29345928357566
404,3,-119.09639695775638
204,0,-93.9380155977862
304,1,-1.8392888958874587
104,0,-89.7666315496513
124,3,-71.36327081285293
224,1,-46.19022737947646
124,0,2.577681717139896
124,4,-89.25897285098675
124,2,-82.95575874582745
24,0,0.6956651369093123
4,2,-6.550698951280814
81,3,-127.12265517090687
81,1,-162.7620876771306
81,2,-122.41688004473048
81,5,-245.3021097072222
81,4,-130.04227312727105
61,2,-123.85319820430833
181,2,-130.95541018305795
281,4,-104.55063317385948
281,5,-95.87377990429127
29,4,-267.58405624386825
9,2,-124.08425564534394
109,4,-61.50478067656236
209,4,-27.548858032489616
209,5,-48.99201623888302
208,1,-28.927516667121548
108,0,-108.81162112382782
108,4,-101.33175447500136
8,0,2.6312976705422817
108,1,-99.17779203540587
108,3,-103.65141321151961
208,5,-23.748964352098984
108,5,-114.69451402668051
28,3,-132.3916887310302
128,1,-65.95351269095546
28,0,2.280819206384002
128,4,-79.26950282395529
128,5,-95.71391487924824
108,2,7.990419379640913
208,2,-23.46519660847725
208,3,-19.282425434850882
128,3,-74.81256131911213
128,2,-66.84999586624504
28,5,-181.15762144640263
208,4,-33.10100339710719
308,1,-12.169023682974537
8,1,-117.51779416103693
154,3,-109.36714434915007
174,3,-94.89290876630268
74,0,-133.3300612392036
174,1,-97.34379747892596
94,3,-146.3104386315665
94,1,-144.20398289608073
94,5,-168.24868637725336
74,2,-131.23573755264124
54,2,-137.3568415087306
54,1,-161.1547764035605
54,3,-149.11617010915063
74,3,-9.963453599342689
74,1,-158.67840990082294
374,4,-41.29860366812625
294,4,-61.0032242093489
374,5,-45.795553721703364
474,5,-25.260042231225935
74,5,-135.5465458940899
207,2,-121.20402807730137
227,3,-103.48569198709306
207,5,-180.4400639553492
227,5,-77.16329355855166
127,2,-108.50111686862901
127,4,-96.90620573099083
127,5,-93.38786418911475
27,2,-111.21387568151121
27,5,-120.98835137244342
7,2,-131.80764249896697
7,1,-123.34348835149386
107,1,-95.35245988713297
7,5,-127.38402316572
7,3,-127.16674180132902
7,4,-140.86748269645875
127,3,-81.71601230447196
207,4,-129.62600180487922
307,1,-4.629996674599079
227,4,-121.60437976985837
207,3,-125.63993287863161
267,2,7.017193052819981
367,1,5.788332301726293
387,3,4.024868491171785
287,4,-43.403019204014086
187,2,-30.451721377852248
87,1,-15.333732158868127
67,2,8.88337826888451
67,1,-52.81851480512048
47,2,3.2807026920725075
47,1,-133.23693093988717
67,3,-52.11281003067891
67,4,-59.66854170874406
67,5,-75.53137446384305
147,2,3.4994888551253704
459,0,-24.173764511235497
459,5,-65.29126399649255
459,2,-99.4709206425894
439,2,-71.30676123524778
439,0,-28.51211758265022
459,3,-65.43618664489641
459,4,-57.52915599896802
439,4,-61.59067667338139
359,0,-58.868424097263286
459,1,-34.8471302479796
439,3,-89.76501951939005
339,0,-92.68137168711787
339,4,-59.51847289467178
439,1,-77.61071195058365
439,5,-80.30597689483137
239,0,6.207833445363229
319,5,-17.914059195531532
311,3,-30.365010635063342
112,2,-4.535414272469791
212,3,-56.44537336230432
91,4,-79.80286123087994
51,3,-108.25781993756492
368,3,-162.93876311145817
248,5,-56.21654314522171
418,3,18.439547329914028
118,3,0.08519479099449467
2,3,-2.3069171220524027
102,1,12.663851404918148
102,5,-19.025899848274893
122,4,-14.632475263182204
342,3,8.02111719179993
342,5,-45.0327726017843
342,2,-32.91210430383985
126,4,-109.69781497978234
126,5,-108.32720233863725
106,2,-83.81678162230658
6,0,-0.07664852670072612
26,3,-1.862047544293577
26,1,-93.29881457477205
26,4,-103.9829766550892
6,2,-90.09097749870807
106,1,-96.47197436805305
314,5,-99.3762019941925
134,2,-109.18215679882773
34,2,-171.6619864570637
134,4,-103.59356679607485
14,2,-8.234101205779313
324,4,-97.09724133427062
244,3,-55.10517012603829
224,2,3.6300129167056463
344,2,-92.38325138438378
344,4,-96.39490736457691
244,5,-54.99032046720802
244,4,-60.87345248297633
104,2,1.4604075788049384
104,3,-88.64959533815136
4,0,-181.92883649565857
4,4,-121.45856286816189
4,5,-107.78082103059747
4,1,-113.84581335648205
104,1,-93.27868441406248
24,3,-112.13505903225634
24,1,-134.9399930485224
104,5,-92.86317623507423
4,3,-85.68221220148338
104,4,-88.1486278820543
24,2,-104.91737877740509
204,1,0.17676483754523611
224,3,-50.313259295300824
224,4,-50.8585369718828
204,2,-90.75831376972313
304,4,-114.98679063691071
304,5,-107.6253514749532
26,2,-101.49591909128092
46,5,-147.72910704827135
312,2,-87.84523078607897
312,3,-95.97444134966928
112,5,-107.1993476350319
344,3,1.4112151383815592
224,5,-53.71908022878938
204,3,-92.74778619981863
204,4,-98.73648723903015
66,4,-127.07539927570939
61,3,-129.55155904520805
361,4,-75.38973172793892
381,3,-110.92471747377068
181,4,-131.5070577418289
456,0,-36.94976259454116
436,2,-28.975470002859147
436,3,-145.81327259860018
436,0,-133.0519127771179
336,0,-61.35550243086703
436,1,-92.09775707844804
436,4,-163.1680247405466
436,5,-94.89446264797101
456,3,-46.197749658477456
356,0,-71.17083522730117
256,0,7.33292304336788
156,0,12.527611405571808
176,3,8.004300963418924
276,1,6.144023990586194
176,0,12.560996878525135
76,0,11.407225175673817
76,4,-6.516881648249316
96,3,10.290367853541847
96,2,2.0707190480910413
216,0,13.23959288180099
316,1,16.36703186237412
216,4,5.6486339824951175
316,3,-1.7420486190032844
236,3,16.3691237518893
216,2,13.485774820418666
316,5,-1.6673120166347402
116,0,15.338852805613364
216,1,17.57820664512476
308,2,-11.34490401040608
28,1,-125.34534767520478
8,2,-109.85858315129614
8,5,-117.4216659534675
28,4,-115.91281803149792
33,4,-82.62752722017365
13,2,-1.886294274057136
313,2,-167.92076390359958
497,4,-10.120236944260817
196,1,9.182494727944906
296,1,8.091685880172843
396,1,6.951061390670309
396,5,-25.79921740928943
296,0,-11.66599742143349
496,3,-22.249993269948117
496,4,-30.872423434441373
496,5,-52.23406953446726
56,0,7.962127937473497
156,1,-63.29427731514833
76,3,5.672930952814307
76,1,2.809349319642271
76,5,-6.169383676177238
176,1,2.9234412785544386
176,4,-3.568182246924688
156,2,-43.745718605420976
256,1,9.159315641649274
156,5,-59.535045020539805
196,3,1.006444160265301
76,2,-0.6588608666731725
296,4,-24.753771862702155
396,2,-16.921907345313112
376,2,-122.81527648162499
396,3,-26.837397436785814
396,4,-22.046290445846985
28,2,-125.31717065579524
8,3,-108.10343872130298
8,4,-166.15501924745107
368,4,-111.04261689101209
106,3,-151.75817473828562
26,5,-99.72900474860295
6,1,-126.56391647345357
6,3,-94.32024294992404
6,5,-108.85284813525271
183,2,-117.32933072526181
163,5,-102.49883406137015
143,2,-128.52644004524345
63,3,-110.90869676997357
63,1,-104.18741714401895
63,5,-138.7841149987483
83,5,-89.61016442043562
83,1,-99.28543394295015
183,5,-146.16832174042582
183,3,-115.14427232619269
243,1,-63.56704737010463
343,1,-127.74778983055975
223,0,-40.3121240249739
323,1,5.853908750247651
123,0,-106.41306825945887
223,1,-31.812377919567034
243,3,6.131409122761425
263,2,-77.30292961710073
363,1,3.6973518204359515
383,3,-142.96592530336193
183,4,-123.25017629240934
383,5,-329.37330576359255
363,2,-122.82537071193835
243,2,-47.75338584574853
243,5,-59.11378143632011
263,3,5.027889393456604
243,4,-71.81760537090949
223,2,-35.16042214986135
367,2,-88.37311298391386
147,4,-116.00793820363026
47,3,-131.49539820536486
47,5,-145.90439964447657
323,2,-100.29086676201365
143,3,-111.22364398554514
83,2,-89.6901059059438
103,1,9.322252040303763
3,0,-21.472290878974082
223,3,7.186264043226926
223,5,-46.163197041844086
203,2,-30.783954928682622
203,4,-39.458825524135705
303,2,-102.32841883785048
223,4,-38.80879149671657
323,3,-100.94782725254225
323,4,-95.96599974611455
23,0,-96.34546642121319
23,2,-96.26372045492884
23,1,-114.18453968175768
123,1,-105.77252314865581
123,4,-99.5027352936365
368,5,-103.79395496357948
13,3,-153.10086252369788
277,4,-34.09135317202966
297,3,-0.0038260809285606684
52,5,-186.45225135823105
147,5,-118.88176235921391
367,3,-91.60803063913941
367,5,-93.33065220378492
6,4,-166.733573300197
376,3,-93.64415016526512
376,5,-274.4157315407681
376,4,-127.55279374522037
306,3,-111.4934550366679
27,4,-108.58133778379896
167,3,-51.467979450361206
187,3,-27.303404332948936
187,4,-35.08029761763052
328,5,-112.6488617910484
3,1,-14.87944067076512
23,3,7.2638276370976085
3,2,-19.233980200751898
3,3,-17.729084377808697
19,5,-20.823244897796503
119,1,-86.51121633622317
19,0,-18.31127391754914
119,3,-85.08584352760042
19,4,-30.410682289647312
3,4,10.415931810966141
203,3,-27.42844221982583
309,3,-20.44911920123086
303,3,-101.71002080476946
308,4,-13.98423729915571
14,3,-134.19236377120947
196,4,-65.88911456545746
296,5,-65.73639949802148
276,2,-4.302098783892779
196,5,-13.227069799257636
176,2,-0.007508772487624701
94,2,-130.16190897427293
94,4,-178.333839304877
194,2,-75.39616442621654
174,2,2.5811534398889333
74,4,-164.92851202942074
154,4,-147.19346459460587
154,5,-208.07925098326123
54,5,-340.6160226834215
54,4,-150.057576161199
39,0,12.663202816817183
139,1,-10.417642732079036
119,2,-82.35685544575199
19,3,-20.14804264173908
19,1,-20.80794976610687
23,4,-118.21680939771926
23,5,-103.66732685014833
123,2,-94.26081417628303
3,5,-31.563356867861636
103,2,-25.635672062260767
123,3,6.118355185467882
123,5,-107.94064107438633
176,5,-3.8325640099558327
156,3,-34.310392822937075
276,3,14.00468617567644
256,2,7.46775623158904
356,1,9.685227713854243
256,5,1.7211445108046688
276,5,-1.7126742362101333
263,5,-81.41800035928688
192,4,-146.47784635982256
418,2,18.28765429168843
318,2,16.941691854612117
418,4,9.475286392694297
318,3,16.820409971657693
318,4,8.048925719377891
318,5,7.687787997541762
318,1,14.788132282388208
238,3,16.389264724341555
338,1,13.668797078198168
238,0,9.868413232499053
138,0,-24.838819800477523
118,2,3.3165874109483147
306,5,-112.7565288868396
107,2,-1.5686052574509604
307,2,-166.42217307868637
499,0,-25.651060162085354
499,5,-53.14905841103386
399,0,16.864052824724226
499,1,-4.9879068170017415
499,4,-4.281150491617508
499,2,10.573565725559675
479,2,16.865467060097885
499,3,18.62642097260046
479,0,18.37052156483783
299,0,15.17917169580176
199,0,-14.85260374444894
99,0,11.562247737405388
87,4,10.434710159748377
87,2,-17.460742347104052
167,4,-60.03449924708092
367,4,-112.85095511457975
307,4,-263.41638136658315
307,5,-136.56233483047538
83,4,-93.53052987658235
409,1,-14.75447555253283
298,3,12.812236112936782
398,5,-20.464618820480666
136,1,13.392279196907099
236,1,13.131553075456436
336,1,9.694801526040305
236,0,7.179653578260102
336,4,-146.90193468321363
236,5,3.498778749829409
256,3,15.156647363431254
236,2,10.16651527282773
136,0,1.6133076526008798
356,2,-54.6203010348328
456,1,-23.189811731296327
356,5,-39.35056217776533
236,4,3.8050249917189807
336,3,-83.62809177493722
336,5,-51.71602588784628
356,3,-42.466380182558424
156,4,-32.71274770594971
479,1,16.497209052656956
379,0,18.78898849022806
379,4,7.294473971202646
279,0,17.594421555779867
259,2,16.37222145592057
359,1,12.279553006019805
359,4,-77.57149144799455
259,0,10.176477353398688
359,2,-77.00562667426576
359,5,-44.43444876858862
279,3,13.296475490073634
179,0,-5.665174964508625
79,0,-59.501092216624244
99,3,-13.880462153849864
99,1,-8.024073714551601
99,4,-19.68178130038532
187,5,-32.843076017555354
87,3,-20.94011360483119
2,5,-13.43090835022179
378,3,-12.125197491624862
378,5,-23.135423380728348
258,2,5.411402312063049
194,5,-142.98116783709645
37,1,-38.87968536239386
37,5,-52.743680037575096
37,3,-31.662088372681595
37,4,-54.25624847472734
37,2,-39.207659359720935
117,3,-15.39195207222349
137,3,-6.592548940611765
204,5,-98.19047562165218
24,4,-187.46162241052772
24,5,-135.40261795887832
124,1,-81.61523479720628
59,0,0.5826332756371592
159,1,-10.106172773731952
259,1,11.184794249974646
159,0,15.075246967627422
239,2,15.034758363892024
139,2,-11.18407917495761
39,1,-9.022861584396372
19,2,11.534472153405206
48,4,-88.48372397409534
48,5,-90.16555079758962
16,5,20.0
116,1,18.771394742961547
16,0,16.73063382498357
16,3,18.42877829994658
216,3,15.065074368580868
216,5,6.089359158476669
316,4,-37.27444576287178
239,3,3.8235506608915606
119,4,-90.73252897421501
139,4,-20.869105829134792
239,4,-0.36308881633102036
103,3,-22.743955082962014
124,5,-84.12462392752019
363,4,-138.55723093144718
119,5,-84.9550458739389
103,4,-29.910033233051713
418,1,16.74398436448887
218,1,12.954694224720386
118,5,-3.0993678637606625
118,4,-2.7097585427643573
138,3,-27.474595666295702
38,0,-36.92018430666797
138,1,10.2972478808477
38,5,-138.98956363203575
138,4,-68.2385833668382
18,2,1.66193339679493
18,1,-0.5704373804806375
32,2,-86.27860866463311
12,1,-60.70224471293121
32,3,-90.95936410910164
32,5,-129.3435930136451
87,5,-26.430251778063322
99,5,-11.579256313931149
99,2,-9.612372729413673
97,5,20.0
97,1,18.38262743650007
97,4,9.418323677386068
177,5,3.0941071540145155
157,4,2.9692234584251787
277,5,-23.857490004534867
181,5,-121.16961015357353
78,2,-41.79835970286688
178,1,-78.93848666935432
78,4,-71.84072478700512
298,4,-17.38010630957211
298,5,-12.668985243402368
139,5,-17.129847427492564
238,1,7.483256549858514
138,2,-26.65720979831343
38,1,-37.918797257076776
38,2,-33.71924205819648
18,3,0.8485146689656968
18,5,3.390172335123615
107,3,-93.07822617377177
107,4,-103.62866369126405
107,5,-142.39921592837422
103,5,-29.466485915742396
239,5,0.4038321895497153
136,3,16.838116954366967
136,2,10.407343947844474
36,0,11.571753324092768
16,2,16.57699422042124
217,3,-13.348562417911419
317,2,-15.32806491979128
317,3,-9.987012458467904
217,5,-16.690498932246065
217,4,-17.59011273168342
199,1,-12.219531424022037
199,2,-5.290797143867876
199,4,-32.6757207127183
199,5,-18.945683635917682
178,2,8.09878640941095
158,2,2.8561382546763374
358,1,-38.99186061185109
238,2,9.241790815166409
258,3,15.1663018224619
258,5,-0.28855913020645896
218,2,13.199888715324295
38,3,12.419703135012151
138,5,-96.0704427525385
118,1,5.270959829696705
158,4,-267.2041125057245
158,5,-87.91328677469112
258,4,-2.015301227102458
338,2,-49.599557654998804
438,3,-117.77559769969605
358,2,-102.41972106127773
358,4,-68.28757962560675
238,4,1.835542776971324
358,5,-45.37991291453776
358,3,9.829067179755985
38,4,-43.08834332551364
56,1,-163.15375267354258
317,4,-27.16478158570159
317,5,-23.92354554746783
238,5,1.3864444639511218
338,3,-74.62887153354906
338,5,-36.66927308722832
218,3,15.111896230667545
12,3,-75.461898934438
12,5,-79.5719056704805
12,4,-86.20702287340598
59,1,-16.96782162904224
59,3,-24.97325346476538
79,3,-136.06811860557107
79,1,-113.62251260065372
179,1,-8.992572371084599
159,2,-0.6019131612604754
79,5,-123.03460342416358
79,4,-138.06524250893554
179,3,13.886777208604046
259,3,10.606552849361885
339,1,8.879228881215537
339,5,-93.01174145436836
359,3,-31.164421960283736
39,2,-7.744194141681058
39,5,-15.203463013678938
39,3,-7.968627296522546
56,2,-138.56278148759722
56,3,-67.50550858515886
218,4,6.070985899726491
338,4,-114.71220937541803
199,3,12.73952106504848
179,2,-18.34286660238328
279,1,8.505376055561472
259,4,4.244831336744525
259,5,3.9337569038131783
159,3,0.06997911697828918
159,4,-9.760173739696672
299,1,-93.52502296970697
179,4,-7.56500639212089
79,2,2.9770796067029517
39,4,-23.91686116325323
299,2,-55.90757477129458
299,5,-56.292447127093745
279,2,12.630142356298881
179,5,-26.58728423106449
159,5,-24.344223024761323
59,2,-39.74297435765348
299,3,-25.178360533668386
399,1,-2.4363388109588753
59,4,-103.1506925301586
59,5,-37.52676846505568
218,5,5.912227826872871
337,3,-54.53379281581453
257,4,-3.1365417022631794
56,5,-76.81839822578296
339,2,-39.652229557793035
279,4,5.139300730148217
379,1,15.100322323965216
479,3,18.386607086671265
299,4,-34.78076446648338
279,5,5.511708653911487
56,4,-118.32249857106866
297,4,-0.2748312879895316
158,3,-74.88253274667751
58,3,-62.566370238584575
77,2,18.58191883949138
337,4,-78.52925056506868
339,3,-97.47788679929187
256,4,0.5923006862431418
456,2,-166.478891446395
456,4,-67.40671912751765
356,4,-119.38215996499409
336,2,-24.77071453992182
16,4,9.102036788550114
399,2,-101.34022741598694
479,4,9.279046741524901
399,4,-17.37157249285784
399,5,-12.194336422165826
379,2,14.749035459004809
379,5,7.583437396094104
399,3,0.295091429903896
437,3,-113.33476906545711
437,5,-91.12877325399144
116,3,16.569719406723273
479,5,20.0
379,3,15.358803014336134
357,2,-39.13182028582696
357,5,-6.690111886854638
357,3,-8.188538347500762
116,5,7.853480235671763
116,2,15.263608995778716
16,1,18.436242307597624
97,2,18.33834581846846
116,4,7.8371186526973275
136,5,4.0689842688200155
456,5,-56.49613958630374
36,2,14.056683310320876
136,4,3.1451711065494905
36,1,14.461332371052425
36,5,6.833669875228971
36,3,18.401266146321127
36,4,7.038487729340002
