Variant,Step,Return,Std
Vanilla DQN,5000,-144.76863865808573,12.340698753427453
Vanilla DQN,10000,-174.1716289475301,13.641047461043977
Vanilla DQN,15000,-261.94761867760434,16.18243917160553
Vanilla DQN,20000,-383.96602645501616,17.84503846199445
Vanilla DQN,25000,-80.99416006731676,14.471676297862905
Vanilla DQN,30000,-76.94487344415515,17.08919746302411
Vanilla DQN,35000,-152.56486522953983,118.71563739232822
Vanilla DQN,40000,-66.79286037942327,75.1353256418736
Vanilla DQN,45000,83.01888363741199,164.40969286393423
Vanilla DQN,50000,-80.83530284765907,67.55407411868684
Vanilla DQN,55000,-130.28505271214505,22.31492244993923
Vanilla DQN,60000,-77.71873903104368,115.0116885902609
Vanilla DQN,65000,-59.88594058621375,79.2187178598668
Vanilla DQN,70000,-42.85792512211877,170.35012894342796
Vanilla DQN,75000,-136.6076150157192,98.44134841844027
Vanilla DQN,80000,73.40602787242847,139.58221791622242
Vanilla DQN,85000,-67.9974772938617,178.4016765924605
Vanilla DQN,90000,3.4593181676639744,93.7254763943609
Vanilla DQN,95000,-146.8701649435057,99.00877728078794
Vanilla DQN,100000,-114.85938531213276,93.66574847855011
Double DQN,5000,-108.02225172281734,27.721336361522685
Double DQN,10000,-186.6979535197266,79.75346309571259
Double DQN,15000,-175.27528620204075,44.50909758016491
Double DQN,20000,-175.73507714749218,74.16497745573923
Double DQN,25000,-78.70589698147637,56.94460943949877
Double DQN,30000,-70.288690442844,58.69787819500254
Double DQN,35000,-86.73651200316718,11.986883435828181
Double DQN,40000,-42.79359121544303,46.85466491509999
Double DQN,45000,-142.83941888100475,111.87661287434199
Double DQN,50000,-114.834329712178,19.180187065049836
Double DQN,55000,-94.70667317425259,177.43892352601966
Double DQN,60000,85.9552563180547,146.54868338453613
Double DQN,65000,-115.85549954216897,7.981886697960648
Double DQN,70000,-111.88435631477805,197.2332279641466
Double DQN,75000,-15.17324428900472,118.0799485256772
Double DQN,80000,-5.838290215741114,135.8371351779909
Double DQN,85000,-122.06552680320002,141.06435803011038
Double DQN,90000,-171.09656933762525,26.880422248849626
Double DQN,95000,-167.00338457910715,71.98060916651325
Double DQN,100000,-142.3193810233432,23.499261145752723
Dueling DQN,5000,-145.156156402284,10.642629124805417
Dueling DQN,10000,-106.80111836448728,5.74422874607263
Dueling DQN,15000,-188.96936774498832,26.51604105671354
Dueling DQN,20000,-175.71101413516405,26.997333137011093
Dueling DQN,25000,-162.19274490546618,108.68784257375427
Dueling DQN,30000,-205.35940852838047,59.75860600373206
Dueling DQN,35000,-97.80437044538509,102.50554206556077
Dueling DQN,40000,-234.73745194321336,230.61475706314238
Dueling DQN,45000,-199.06834857414404,176.72502506619085
Dueling DQN,50000,-82.85114219206636,102.0140762793362
Dueling DQN,55000,-101.57555423854164,185.92324392588478
Dueling DQN,60000,-30.88610000065868,46.34267618622546
Dueling DQN,65000,-20.589923712592118,165.1528255668155
Dueling DQN,70000,117.07775538846093,148.65234714133373
Dueling DQN,75000,-182.65183388257387,75.15065219904156
Dueling DQN,80000,35.60899208303035,159.71369633507285
Dueling DQN,85000,-135.86369387919504,212.8871342037723
Dueling DQN,90000,-226.6436298179499,102.45929452089858
Dueling DQN,95000,-70.20443407236867,242.769279594695
Dueling DQN,100000,-113.2931359743266,181.54471515055917
Double + Dueling,5000,-454.1928215784866,343.7776803293323
Double + Dueling,10000,-131.24959921411775,15.520322121665997
Double + Dueling,15000,-171.25500927111344,21.23490632396907
Double + Dueling,20000,-124.23519337162216,46.91432498475918
Double + Dueling,25000,-77.9624982566682,6.642757209307664
Double + Dueling,30000,-206.72641899399204,120.99922758398188
Double + Dueling,35000,-476.75162053504783,178.90833407733223
Double + Dueling,40000,-28.598936470121874,78.09080356211719
Double + Dueling,45000,3.279108264952918,60.7898274157656
Double + Dueling,50000,4.43924272518894,65.56631505723507
Double + Dueling,55000,92.12485323083895,132.05113264737747
Double + Dueling,60000,143.02268125185878,102.41796505896751
Double + Dueling,65000,173.7269265656013,173.10053023071515
Double + Dueling,70000,-68.37925555125325,132.52987480905213
Double + Dueling,75000,-117.64943581972042,73.13465192981691
Double + Dueling,80000,-117.02813113156094,34.33213530762117
Double + Dueling,85000,-22.5407131376272,140.93928082799982
Double + Dueling,90000,-251.98568116018055,86.63791569690028
Double + Dueling,95000,-198.36515445626168,116.9637302913203
Double + Dueling,100000,-183.16157444257152,162.0681645841857
Noisy DQN,5000,-102.34107198291353,27.003536467301384
Noisy DQN,10000,-221.50449070536078,49.682917290667966
Noisy DQN,15000,-119.18391878191434,16.685826554571577
Noisy DQN,20000,-73.11930604376366,16.211565436852034
Noisy DQN,25000,-71.31297698782006,26.482335137297113
Noisy DQN,30000,-200.3535129375859,45.06214511357133
Noisy DQN,35000,-152.90355175545795,27.115916848861595
Noisy DQN,40000,-115.95602171040666,36.379602283932186
Noisy DQN,45000,30.92079874840898,112.60073524019148
Noisy DQN,50000,-9.781724938861514,13.41166996213984
Noisy DQN,55000,43.86626218189885,77.89731375304733
Noisy DQN,60000,54.821031754741306,65.65614361187284
Noisy DQN,65000,111.77280584917739,146.54940314251056
Noisy DQN,70000,95.47336149451749,168.88098206532067
Noisy DQN,75000,-72.20243484072803,240.3129917052331
Noisy DQN,80000,0.626742938228881,275.4783297102502
Noisy DQN,85000,-65.7031792205535,208.1631855585507
Noisy DQN,90000,108.82008600389165,108.16704793181322
Noisy DQN,95000,-81.56673160597829,152.8108958066667
Noisy DQN,100000,-194.80282066740875,32.96548732224128
PER (Vanilla),5000,-241.07422192963662,43.08686986367063
PER (Vanilla),10000,-293.6613105846976,85.62860735436335
PER (Vanilla),15000,-148.75428535306168,24.779685313045004
PER (Vanilla),20000,-170.4125248015388,24.24398067472209
PER (Vanilla),25000,-134.11973627977682,41.87309449775027
PER (Vanilla),30000,-162.03275786955146,186.3431684710673
PER (Vanilla),35000,-165.09987171569307,75.1553659859997
PER (Vanilla),40000,-115.16079415739432,28.482180992811056
PER (Vanilla),45000,-252.36931426294944,113.93218653935773
PER (Vanilla),50000,-256.01383641082265,132.39612035682603
PER (Vanilla),55000,-137.9522970952035,41.7186603398148
PER (Vanilla),60000,-184.06548326013976,101.0819106498297
PER (Vanilla),65000,-135.17517968023742,57.59423881533992
PER (Vanilla),70000,-186.29065616456228,58.59613869135359
PER (Vanilla),75000,-276.45141526346396,61.61184843888818
PER (Vanilla),80000,-205.5178807447127,46.62823480980343
PER (Vanilla),85000,-135.57913266552276,124.62475394856943
PER (Vanilla),90000,-199.85213083211272,50.59888384905726
PER (Vanilla),95000,-138.13978780141616,69.17390999770112
PER (Vanilla),100000,-213.264729843243,95.8624407708158
Double + Dueling + PER,5000,-353.6887106996613,123.96088036482384
Double + Dueling + PER,10000,-186.62876055104914,40.81329043529968
Double + Dueling + PER,15000,-113.55153382813214,94.28099448677108
Double + Dueling + PER,20000,-201.35788568893472,42.10442988673996
Double + Dueling + PER,25000,-182.7723059745328,86.21171042636956
Double + Dueling + PER,30000,-190.8750722309719,145.3394902966524
Double + Dueling + PER,35000,-258.49339515316854,95.6526635226327
Double + Dueling + PER,40000,-234.75997941337596,68.23239762152603
Double + Dueling + PER,45000,174.27484587881798,138.93795637078355
Double + Dueling + PER,50000,21.019942841382825,69.2616056497249
Double + Dueling + PER,55000,-190.20334639089054,74.76063995505427
Double + Dueling + PER,60000,-192.56973756443057,17.45908816764336
Double + Dueling + PER,65000,-149.50244200356002,36.04125760059301
Double + Dueling + PER,70000,-165.61812247406246,114.62647163796692
Double + Dueling + PER,75000,-121.91710058345775,49.4771173520205
Double + Dueling + PER,80000,-118.39317755376723,23.24883958410415
Double + Dueling + PER,85000,-164.83995359589215,83.81977499844054
Double + Dueling + PER,90000,-211.42110508158584,95.14622792373407
Double + Dueling + PER,95000,-170.84099994001497,132.93272716786873
Double + Dueling + PER,100000,-326.8362769193901,83.24305348154313
All Extensions,5000,-421.8058712487171,106.19385528762876
All Extensions,10000,-162.4973494094123,24.681491007524933
All Extensions,15000,-125.6868083073457,12.299914789148753
All Extensions,20000,-96.20518152805941,41.18921923713124
All Extensions,25000,-174.6059967934927,22.11527554930595
All Extensions,30000,-5.742302181250745,54.80666018326022
All Extensions,35000,-156.11850926217727,39.372818251312296
All Extensions,40000,-218.20030827169984,83.01060314077655
All Extensions,45000,4.789336534884967,104.14147900482385
All Extensions,50000,-226.72577225110194,109.25082794722692
All Extensions,55000,-124.96260327117345,83.14501355482074
All Extensions,60000,-192.9809933468325,132.5047516251937
All Extensions,65000,-126.75577145884044,58.8727805930399
All Extensions,70000,-198.4941588549476,35.42585827768066
All Extensions,75000,-36.07640918659313,103.5711568168673
All Extensions,80000,-80.49581583521129,80.51730754748995
All Extensions,85000,-116.4137719736023,59.382698407437665
All Extensions,90000,-143.15978866874565,63.67883178131704
All Extensions,95000,-119.47531869258603,94.04510108882613
All Extensions,100000,-149.91130982698533,109.58942659595569
